Code,Num,Name,Short
"<option value=""2159"">Aberbeeg parkrun</option>",2159,Aberbeeg parkrun,Aberbeeg
"<option value=""1982"">Aberdare parkrun</option>",1982,Aberdare parkrun,Aberdare
"<option value=""41"">Aberdeen parkrun</option>",41,Aberdeen parkrun,Aberdeen
"<option value=""423"">Aberystwyth parkrun</option>",423,Aberystwyth parkrun,Aberystwyth
"<option value=""291"">Abingdon parkrun</option>",291,Abingdon parkrun,Abingdon
"<option value=""2558"">Agnew parkrun</option>",2558,Agnew parkrun,Agnew
"<option value=""10"">Albert parkrun, Middlesbrough</option>",10,"Albert parkrun, Middlesbrough",Albert
"<option value=""1267"">Aldenham parkrun</option>",1267,Aldenham parkrun,Aldenham
"<option value=""2452"">Alderford Lake parkrun</option>",2452,Alderford Lake parkrun,Alderford Lake
"<option value=""3078"">Alderley Park parkrun</option>",3078,Alderley Park parkrun,Alderley Park
"<option value=""2552"">Alexandra parkrun, Moss Side</option>",2552,"Alexandra parkrun, Moss Side",Alexandra
"<option value=""407"">Alice Holt parkrun</option>",407,Alice Holt parkrun,Alice Holt
"<option value=""300"">Ally Pally parkrun</option>",300,Ally Pally parkrun,Ally Pally
"<option value=""660"">Alness parkrun</option>",660,Alness parkrun,Alness
"<option value=""2937"">Alton Water parkrun</option>",2937,Alton Water parkrun,Alton Water
"<option value=""2364"">Alvaston parkrun</option>",2364,Alvaston parkrun,Alvaston
"<option value=""2991"">Ancholme Valley Way parkrun</option>",2991,Ancholme Valley Way parkrun,Ancholme Valley Way
"<option value=""64"">Andover parkrun</option>",64,Andover parkrun,Andover
"<option value=""585"">Antrim parkrun</option>",585,Antrim parkrun,Antrim
"<option value=""658"">Armagh parkrun</option>",658,Armagh parkrun,Armagh
"<option value=""2015"">Armley parkrun</option>",2015,Armley parkrun,Armley
"<option value=""164"">Arrow Valley parkrun</option>",164,Arrow Valley parkrun,Arrow Valley
"<option value=""3018"">Ashbourne Recreation Ground parkrun</option>",3018,Ashbourne Recreation Ground parkrun,Ashbourne Recreation Ground
"<option value=""103"">Ashford parkrun</option>",103,Ashford parkrun,Ashford
"<option value=""50"">Ashton Court parkrun</option>",50,Ashton Court parkrun,Ashton Court
"<option value=""158"">Aviemore parkrun</option>",158,Aviemore parkrun,Aviemore
"<option value=""450"">Aylesbury parkrun</option>",450,Aylesbury parkrun,Aylesbury
"<option value=""341"">Ayr parkrun</option>",341,Ayr parkrun,Ayr
"<option value=""2427"">Babbs Mill parkrun</option>",2427,Babbs Mill parkrun,Babbs Mill
"<option value=""38"">Banbury parkrun</option>",38,Banbury parkrun,Banbury
"<option value=""780"">Bangor parkrun, Northern Ireland</option>",780,"Bangor parkrun, Northern Ireland",Bangor
"<option value=""3"">Banstead Woods parkrun</option>",3,Banstead Woods parkrun,Banstead Woods
"<option value=""1245"">Barclay parkrun</option>",1245,Barclay parkrun,Barclay
"<option value=""406"">Barking parkrun</option>",406,Barking parkrun,Barking
"<option value=""240"">Barnsley parkrun</option>",240,Barnsley parkrun,Barnsley
"<option value=""288"">Barnstaple parkrun</option>",288,Barnstaple parkrun,Barnstaple
"<option value=""304"">Barrow parkrun</option>",304,Barrow parkrun,Barrow
"<option value=""1200"">Barry Island parkrun</option>",1200,Barry Island parkrun,Barry Island
"<option value=""2960"">Bartley Park parkrun</option>",2960,Bartley Park parkrun,Bartley Park
"<option value=""46"">Basildon parkrun</option>",46,Basildon parkrun,Basildon
"<option value=""11"">Basingstoke parkrun</option>",11,Basingstoke parkrun,Basingstoke
"<option value=""121"">Bath Skyline parkrun</option>",121,Bath Skyline parkrun,Bath Skyline
"<option value=""2611"">Beacon parkrun</option>",2611,Beacon parkrun,Beacon
"<option value=""99"">Beckenham Place parkrun</option>",99,Beckenham Place parkrun,Beckenham Place
"<option value=""378"">Beckton parkrun</option>",378,Beckton parkrun,Beckton
"<option value=""15"">Bedfont Lakes parkrun</option>",15,Bedfont Lakes parkrun,Bedfont Lakes
"<option value=""108"">Bedford parkrun</option>",108,Bedford parkrun,Bedford
"<option value=""1422"">Bedgebury Pinetum parkrun</option>",1422,Bedgebury Pinetum parkrun,Bedgebury Pinetum
"<option value=""1840"">Bedworth parkrun</option>",1840,Bedworth parkrun,Bedworth
"<option value=""779"">Beeston parkrun</option>",779,Beeston parkrun,Beeston
"<option value=""295"">Belfast Victoria parkrun</option>",295,Belfast Victoria parkrun,Belfast Victoria
"<option value=""1339"">Belton House parkrun</option>",1339,Belton House parkrun,Belton House
"<option value=""2964"">Belvoir Castle parkrun</option>",2964,Belvoir Castle parkrun,Belvoir Castle
"<option value=""2598"">Berkeley Green parkrun</option>",2598,Berkeley Green parkrun,Berkeley Green
"<option value=""112"">Bestwood Village parkrun</option>",112,Bestwood Village parkrun,Bestwood Village
"<option value=""2352"">Bethlem Royal Hospital parkrun</option>",2352,Bethlem Royal Hospital parkrun,Bethlem Royal Hospital
"<option value=""1378"">Bevendean Down parkrun</option>",1378,Bevendean Down parkrun,Bevendean Down
"<option value=""2403"">Beverley Westwood parkrun</option>",2403,Beverley Westwood parkrun,Beverley Westwood
"<option value=""29"">Bexley parkrun</option>",29,Bexley parkrun,Bexley
"<option value=""1452"">Bicester parkrun</option>",1452,Bicester parkrun,Bicester
"<option value=""1432"">Bideford parkrun</option>",1432,Bideford parkrun,Bideford
"<option value=""279"">Billericay parkrun</option>",279,Billericay parkrun,Billericay
"<option value=""1275"">Birkenhead parkrun</option>",1275,Birkenhead parkrun,Birkenhead
"<option value=""22"">Black Park parkrun</option>",22,Black Park parkrun,Black Park
"<option value=""384"">Blackhill parkrun</option>",384,Blackhill parkrun,Blackhill
"<option value=""1627"">Blackpool parkrun</option>",1627,Blackpool parkrun,Blackpool
"<option value=""947"">Blandford parkrun</option>",947,Blandford parkrun,Blandford
"<option value=""696"">Blickling parkrun</option>",696,Blickling parkrun,Blickling
"<option value=""2306"">Blyth Links parkrun</option>",2306,Blyth Links parkrun,Blyth Links
"<option value=""874"">Bognor Regis parkrun</option>",874,Bognor Regis parkrun,Bognor Regis
"<option value=""2625"">Bolberry Down parkrun</option>",2625,Bolberry Down parkrun,Bolberry Down
"<option value=""273"">Bolton parkrun</option>",273,Bolton parkrun,Bolton
"<option value=""148"">Boston parkrun</option>",148,Boston parkrun,Boston
"<option value=""172"">Bournemouth parkrun</option>",172,Bournemouth parkrun,Bournemouth
"<option value=""2742"">Bower Park parkrun</option>",2742,Bower Park parkrun,Bower Park
"<option value=""2613"">Bowling Park parkrun</option>",2613,Bowling Park parkrun,Bowling Park
"<option value=""210"">Bracknell parkrun</option>",210,Bracknell parkrun,Bracknell
"<option value=""131"">Bradford parkrun</option>",131,Bradford parkrun,Bradford
"<option value=""6"">Bramhall parkrun</option>",6,Bramhall parkrun,Bramhall Park
"<option value=""1254"">Bramley parkrun</option>",1254,Bramley parkrun,Bramley
"<option value=""3066"">Bramshall Road parkrun</option>",3066,Bramshall Road parkrun,Bramshall Road
"<option value=""464"">Brandon Country Park parkrun</option>",464,Brandon Country Park parkrun,Brandon Country Park
"<option value=""104"">Braunstone parkrun</option>",104,Braunstone parkrun,Braunstone
"<option value=""654"">Brentwood parkrun</option>",654,Brentwood parkrun,Brentwood
"<option value=""351"">Bressay parkrun</option>",351,Bressay parkrun,Bressay
"<option value=""213"">Brierley Forest parkrun</option>",213,Brierley Forest parkrun,Brierley Forest
"<option value=""152"">Brighouse parkrun</option>",152,Brighouse parkrun,Brighouse
"<option value=""8"">Brighton &amp; Hove parkrun</option>",8,Brighton &amp; Hove parkrun,Brighton & Hove
"<option value=""2555"">Brixworth Country parkrun</option>",2555,Brixworth Country parkrun,Brixworth Country
"<option value=""2894"">Broadwater parkrun</option>",2894,Broadwater parkrun,Broadwater
"<option value=""443"">Brockenhurst parkrun</option>",443,Brockenhurst parkrun,Brockenhurst
"<option value=""76"">Brockwell parkrun, Herne Hill</option>",76,"Brockwell parkrun, Herne Hill",Brockwell
"<option value=""27"">Bromley parkrun</option>",27,Bromley parkrun,Bromley
"<option value=""2180"">Brooklands parkrun</option>",2180,Brooklands parkrun,Brooklands
"<option value=""176"">Brueton parkrun</option>",176,Brueton parkrun,Brueton
"<option value=""1252"">Brundall parkrun</option>",1252,Brundall parkrun,Brundall
"<option value=""379"">Bryn Bach parkrun</option>",379,Bryn Bach parkrun,Bryn Bach
"<option value=""2462"">Brynaman parkrun</option>",2462,Brynaman parkrun,Brynaman
"<option value=""851"">Buckingham parkrun</option>",851,Buckingham parkrun,Buckingham
"<option value=""392"">Burgess parkrun</option>",392,Burgess parkrun,Burgess
"<option value=""415"">Burnage parkrun</option>",415,Burnage parkrun,Burnage
"<option value=""1240"">Burnham and Highbridge parkrun</option>",1240,Burnham and Highbridge parkrun,Burnham and Highbridge
"<option value=""192"">Burnham-on-Crouch parkrun</option>",192,Burnham-on-Crouch parkrun,Burnham-on-Crouch
"<option value=""382"">Burnley parkrun</option>",382,Burnley parkrun,Burnley
"<option value=""2932"">Bury Field parkrun</option>",2932,Bury Field parkrun,Bury Field
"<option value=""245"">Bury St Edmunds parkrun</option>",245,Bury St Edmunds parkrun,Bury St Edmunds
"<option value=""1"">Bushy parkrun</option>",1,Bushy parkrun,Bushy Park
"<option value=""2253"">California Country parkrun</option>",2253,California Country parkrun,California Country
"<option value=""160"">Camperdown parkrun, Dundee</option>",160,"Camperdown parkrun, Dundee",Camperdown
"<option value=""78"">Cannock Chase parkrun</option>",78,Cannock Chase parkrun,Cannock Chase
"<option value=""189"">Cannon Hill parkrun, Birmingham</option>",189,"Cannon Hill parkrun, Birmingham",Cannon Hill
"<option value=""581"">Canons Park parkrun</option>",581,Canons Park parkrun,Canons Park
"<option value=""132"">Canterbury parkrun</option>",132,Canterbury parkrun,Canterbury
"<option value=""9"">Cardiff parkrun</option>",9,Cardiff parkrun,Cardiff
"<option value=""2714"">Carlisle Park parkrun</option>",2714,Carlisle Park parkrun,Carlisle Park
"<option value=""155"">Carlisle parkrun</option>",155,Carlisle parkrun,Carlisle
"<option value=""742"">Carrickfergus parkrun</option>",742,Carrickfergus parkrun,Carrickfergus
"<option value=""1152"">Cassiobury parkrun</option>",1152,Cassiobury parkrun,Cassiobury
"<option value=""1765"">Castle Park parkrun</option>",1765,Castle Park parkrun,Castle Park
"<option value=""646"">Castlewellan parkrun</option>",646,Castlewellan parkrun,Castlewellan
"<option value=""1945"">Catford parkrun</option>",1945,Catford parkrun,Catford
"<option value=""655"">Catton parkrun</option>",655,Catton parkrun,Catton
"<option value=""2761"">Central parkrun, Plymouth</option>",2761,"Central parkrun, Plymouth","Central, Plymouth"
"<option value=""2256"">Centre Vale parkrun</option>",2256,Centre Vale parkrun,Centre Vale
"<option value=""1457"">Chadderton Hall parkrun</option>",1457,Chadderton Hall parkrun,Chadderton Hall
"<option value=""2642"">Chalkwell Beach parkrun</option>",2642,Chalkwell Beach parkrun,Chalkwell Beach
"<option value=""2907"">Charlton parkrun</option>",2907,Charlton parkrun,Charlton
"<option value=""2350"">Chasewater parkrun</option>",2350,Chasewater parkrun,Chasewater
"<option value=""879"">Cheadle Hulme parkrun</option>",879,Cheadle Hulme parkrun,Cheadle Hulme
"<option value=""441"">Chelmsford Central parkrun</option>",441,Chelmsford Central parkrun,Chelmsford Central
"<option value=""449"">Cheltenham parkrun</option>",449,Cheltenham parkrun,Cheltenham
"<option value=""242"">Chester parkrun</option>",242,Chester parkrun,Chester
"<option value=""2759"">Chevin Forest parkrun</option>",2759,Chevin Forest parkrun,Chevin Forest
"<option value=""955"">Chichester parkrun</option>",955,Chichester parkrun,Chichester
"<option value=""2798"">Chilton Fields parkrun</option>",2798,Chilton Fields parkrun,Chilton Fields
"<option value=""3069"">Chippenham Playing Fields parkrun, Monmouth</option>",3069,"Chippenham Playing Fields parkrun, Monmouth",Chippenham Playing Fields
"<option value=""348"">Chippenham parkrun</option>",348,Chippenham parkrun,Chippenham
"<option value=""2570"">Chipping Norton School parkrun</option>",2570,Chipping Norton School parkrun,Chipping Norton School
"<option value=""522"">Chipping Sodbury parkrun</option>",522,Chipping Sodbury parkrun,Chipping Sodbury
"<option value=""2929"">Chopwell Wood parkrun</option>",2929,Chopwell Wood parkrun,Chopwell Wood
"<option value=""2690"">Church Mead parkrun</option>",2690,Church Mead parkrun,Church Mead
"<option value=""1832"">Cirencester parkrun</option>",1832,Cirencester parkrun,Cirencester
"<option value=""386"">Citypark parkrun, Craigavon</option>",386,"Citypark parkrun, Craigavon",Citypark
"<option value=""567"">Clacton Seafront parkrun</option>",567,Clacton Seafront parkrun,Clacton Seafront
"<option value=""519"">Clair parkrun</option>",519,Clair parkrun,Clair
"<option value=""1882"">Clapham Common parkrun</option>",1882,Clapham Common parkrun,Clapham Common
"<option value=""636"">Clare Castle parkrun</option>",636,Clare Castle parkrun,Clare Castle
"<option value=""821"">Cleethorpes parkrun</option>",821,Cleethorpes parkrun,Cleethorpes
"<option value=""2466"">Clevedon Salthouse Fields parkrun</option>",2466,Clevedon Salthouse Fields parkrun,Clevedon Salthouse Fields
"<option value=""2085"">Cliffe Castle parkrun</option>",2085,Cliffe Castle parkrun,Cliffe Castle
"<option value=""1795"">Clifton parkrun</option>",1795,Clifton parkrun,Clifton
"<option value=""1981"">Clitheroe Castle parkrun</option>",1981,Clitheroe Castle parkrun,Clitheroe Castle
"<option value=""572"">Clumber Park parkrun</option>",572,Clumber Park parkrun,Clumber Park
"<option value=""2599"">Coed Cefn-pwll-du parkrun</option>",2599,Coed Cefn-pwll-du parkrun,Coed Cefn-pwll-du
"<option value=""907"">Colby parkrun</option>",907,Colby parkrun,Colby
"<option value=""188"">Colchester Castle parkrun</option>",188,Colchester Castle parkrun,Colchester Castle
"<option value=""2117"">Coldham’s Common parkrun</option>",2117,Coldham’s Common parkrun,Coldham’s Common
"<option value=""1331"">Colin Glen parkrun</option>",1331,Colin Glen parkrun,Colin Glen
"<option value=""328"">Colney Lane parkrun</option>",328,Colney Lane parkrun,Colney Lane
"<option value=""58"">Colwick parkrun</option>",58,Colwick parkrun,Colwick
"<option value=""886"">Comber parkrun</option>",886,Comber parkrun,Comber
"<option value=""290"">Concord parkrun, Sheffield</option>",290,"Concord parkrun, Sheffield",Concord
"<option value=""229"">Congleton parkrun</option>",229,Congleton parkrun,Congleton
"<option value=""286"">Conkers parkrun</option>",286,Conkers parkrun,Conkers
"<option value=""1059"">Conwy parkrun</option>",1059,Conwy parkrun,Conwy
"<option value=""2327"">Conyngham Hall parkrun</option>",2327,Conyngham Hall parkrun,Conyngham Hall
"<option value=""633"">Corby parkrun</option>",633,Corby parkrun,Corby
"<option value=""2575"">Cosmeston Lakes parkrun</option>",2575,Cosmeston Lakes parkrun,Cosmeston Lakes
"<option value=""2008"">Cotsford Fields parkrun</option>",2008,Cotsford Fields parkrun,Cotsford Fields
"<option value=""69"">Coventry parkrun</option>",69,Coventry parkrun,Coventry
"<option value=""2900"">Cranbrook Country Park parkrun</option>",2900,Cranbrook Country Park parkrun,Cranbrook Country Park
"<option value=""390"">Crane Park parkrun</option>",390,Crane Park parkrun,Crane Park
"<option value=""932"">Cranleigh parkrun</option>",932,Cranleigh parkrun,Cranleigh
"<option value=""2209"">Crathes Castle parkrun</option>",2209,Crathes Castle parkrun,Crathes Castle
"<option value=""2641"">Crawfordsburn Country parkrun</option>",2641,Crawfordsburn Country parkrun,Crawfordsburn Country
"<option value=""1844"">Crewe parkrun</option>",1844,Crewe parkrun,Crewe
"<option value=""473"">Crichton parkrun</option>",473,Crichton parkrun,Crichton
"<option value=""1354"">Crosby parkrun</option>",1354,Crosby parkrun,Crosby
"<option value=""483"">Cross Flatts parkrun</option>",483,Cross Flatts parkrun,Cross Flatts
"<option value=""1182"">Croxteth Hall parkrun</option>",1182,Croxteth Hall parkrun,Croxteth Hall
"<option value=""154"">Crystal Palace parkrun</option>",154,Crystal Palace parkrun,Crystal Palace
"<option value=""2461"">Cusworth Hall parkrun</option>",2461,Cusworth Hall parkrun,Cusworth Hall
"<option value=""1492"">Cwmbran parkrun</option>",1492,Cwmbran parkrun,Cwmbran
"<option value=""2387"">Cyclopark parkrun</option>",2387,Cyclopark parkrun,Cyclopark
"<option value=""1408"">Dalby Forest parkrun</option>",1408,Dalby Forest parkrun,Dalby Forest
"<option value=""2920"">Dallas Burston Polo Club parkrun</option>",2920,Dallas Burston Polo Club parkrun,Dallas Burston Polo Club
"<option value=""398"">Darlington South Park parkrun</option>",398,Darlington South Park parkrun,Darlington South Park
"<option value=""1300"">Dartford Heath parkrun</option>",1300,Dartford Heath parkrun,Dartford Heath
"<option value=""961"">Dartford parkrun</option>",961,Dartford parkrun,Dartford
"<option value=""1053"">Daventry parkrun</option>",1053,Daventry parkrun,Daventry
"<option value=""2449"">Dean Castle Country Park parkrun</option>",2449,Dean Castle Country Park parkrun,Dean Castle Country Park
"<option value=""448"">Delamere parkrun</option>",448,Delamere parkrun,Delamere
"<option value=""237"">Derry City parkrun</option>",237,Derry City parkrun,Derry City
"<option value=""3014"">Derrynoid Forest parkrun</option>",3014,Derrynoid Forest parkrun,Derrynoid Forest
"<option value=""387"">Dewsbury parkrun</option>",387,Dewsbury parkrun,Dewsbury
"<option value=""518"">Didcot parkrun</option>",518,Didcot parkrun,Didcot
"<option value=""2026"">Dinton Pastures parkrun</option>",2026,Dinton Pastures parkrun,Dinton Pastures
"<option value=""2059"">Dishley parkrun, Loughborough</option>",2059,"Dishley parkrun, Loughborough","Dishley, Loughborough"
"<option value=""2607"">Doddington Hall parkrun</option>",2607,Doddington Hall parkrun,Doddington Hall
"<option value=""1388"">Dolgellau parkrun</option>",1388,Dolgellau parkrun,Dolgellau
"<option value=""3002"">Downham Market Academy parkrun</option>",3002,Downham Market Academy parkrun,Downham Market Academy
"<option value=""1469"">Drumchapel parkrun</option>",1469,Drumchapel parkrun,Drumchapel
"<option value=""2416"">Drumpellier Country parkrun</option>",2416,Drumpellier Country parkrun,Drumpellier Country
"<option value=""852"">Druridge Bay parkrun</option>",852,Druridge Bay parkrun,Druridge Bay
"<option value=""111"">Dudley parkrun</option>",111,Dudley parkrun,Dudley
"<option value=""344"">Dulwich parkrun</option>",344,Dulwich parkrun,Dulwich
"<option value=""1256"">Dunfermline parkrun</option>",1256,Dunfermline parkrun,Dunfermline
"<option value=""2082"">Dungannon Park parkrun</option>",2082,Dungannon Park parkrun,Dungannon Park
"<option value=""3023"">Dunleath Playing Fields parkrun</option>",3023,Dunleath Playing Fields parkrun,Dunleath Playing Fields
"<option value=""2235"">Dunstable Downs parkrun</option>",2235,Dunstable Downs parkrun,Dunstable Downs
"<option value=""232"">Durham parkrun</option>",232,Durham parkrun,Durham
"<option value=""3030"">Durlston Country Park parkrun</option>",3030,Durlston Country Park parkrun,Durlston Country Park
"<option value=""2192"">East Brighton parkrun</option>",2192,East Brighton parkrun,East Brighton
"<option value=""527"">East Grinstead parkrun</option>",527,East Grinstead parkrun,East Grinstead
"<option value=""2542"">East Park parkrun</option>",2542,East Park parkrun,East Park
"<option value=""39"">Eastbourne parkrun</option>",39,Eastbourne parkrun,Eastbourne
"<option value=""143"">Eastleigh parkrun</option>",143,Eastleigh parkrun,Eastleigh
"<option value=""308"">Eastville parkrun</option>",308,Eastville parkrun,Eastville
"<option value=""312"">Ecos parkrun, Ballymena</option>",312,"Ecos parkrun, Ballymena",Ecos
"<option value=""274"">Eden Project parkrun</option>",274,Eden Project parkrun,Eden Project
"<option value=""3035"">Edenbrook Country parkrun</option>",3035,Edenbrook Country parkrun,Edenbrook Country
"<option value=""2691"">Edgbaston Reservoir parkrun</option>",2691,Edgbaston Reservoir parkrun,Edgbaston Reservoir
"<option value=""26"">Edinburgh parkrun</option>",26,Edinburgh parkrun,Edinburgh
"<option value=""177"">Eglinton parkrun</option>",177,Eglinton parkrun,Eglinton
"<option value=""3061"">Elder Park parkrun</option>",3061,Elder Park parkrun,Elder Park
"<option value=""1414"">Elgin parkrun</option>",1414,Elgin parkrun,Elgin
"<option value=""1026"">Ellesmere Port parkrun</option>",1026,Ellesmere Port parkrun,Ellesmere Port
"<option value=""1307"">Ellon parkrun</option>",1307,Ellon parkrun,Ellon
"<option value=""86"">Endcliffe parkrun</option>",86,Endcliffe parkrun,Sheffield Hallam
"<option value=""482"">Enniskillen parkrun</option>",482,Enniskillen parkrun,Enniskillen
"<option value=""1459"">Erddig parkrun</option>",1459,Erddig parkrun,Erddig
"<option value=""1173"">Evesham parkrun</option>",1173,Evesham parkrun,Evesham
"<option value=""948"">Exeter Riverside parkrun</option>",948,Exeter Riverside parkrun,Exeter Riverside
"<option value=""1802"">Exmouth parkrun</option>",1802,Exmouth parkrun,Exmouth
"<option value=""206"">Falkirk parkrun</option>",206,Falkirk parkrun,Falkirk
"<option value=""353"">Falls parkrun, Belfast</option>",353,"Falls parkrun, Belfast",Falls
"<option value=""1441"">Fareham parkrun</option>",1441,Fareham parkrun,Fareham
"<option value=""2669"">Faskally Forest parkrun</option>",2669,Faskally Forest parkrun,Faskally Forest
"<option value=""1903"">Felixstowe parkrun</option>",1903,Felixstowe parkrun,Felixstowe
"<option value=""1017"">Fell Foot parkrun, Newby Bridge</option>",1017,"Fell Foot parkrun, Newby Bridge",Fell Foot
"<option value=""276"">Ferry Meadows parkrun</option>",276,Ferry Meadows parkrun,Peterborough
"<option value=""24"">Finsbury parkrun</option>",24,Finsbury parkrun,Finsbury Park
"<option value=""635"">Flatts Lane parkrun</option>",635,Flatts Lane parkrun,Flatts Lane
"<option value=""2031"">Fleetwood Promenade parkrun</option>",2031,Fleetwood Promenade parkrun,Fleetwood Promenade
"<option value=""2892"">Flegg High parkrun</option>",2892,Flegg High parkrun,Flegg High
"<option value=""2165"">Fletcher Moss parkrun</option>",2165,Fletcher Moss parkrun,Fletcher Moss
"<option value=""965"">Folkestone parkrun</option>",965,Folkestone parkrun,Folkestone
"<option value=""2051"">Foots Cray Meadows parkrun</option>",2051,Foots Cray Meadows parkrun,Foots Cray Meadows
"<option value=""2075"">Ford parkrun</option>",2075,Ford parkrun,Ford
"<option value=""481"">Forest Rec parkrun</option>",481,Forest Rec parkrun,Forest Rec
"<option value=""68"">Forest of Dean parkrun</option>",68,Forest of Dean parkrun,Forest of Dean
"<option value=""2963"">Forfar Loch parkrun</option>",2963,Forfar Loch parkrun,Forfar Loch
"<option value=""1916"">Fort William parkrun</option>",1916,Fort William parkrun,Fort William
"<option value=""748"">Fountains Abbey parkrun</option>",748,Fountains Abbey parkrun,Fountains Abbey
"<option value=""2191"">Frickley Country parkrun</option>",2191,Frickley Country parkrun,Frickley Country
"<option value=""49"">Frimley Lodge parkrun</option>",49,Frimley Lodge parkrun,Frimley Lodge
"<option value=""3013"">Frogmary Green Farm parkrun</option>",3013,Frogmary Green Farm parkrun,Frogmary Green Farm
"<option value=""2573"">Fulbourn Hospital parkrun</option>",2573,Fulbourn Hospital parkrun,Fulbourn Hospital
"<option value=""674"">Fulham Palace parkrun</option>",674,Fulham Palace parkrun,Fulham Palace
"<option value=""363"">Gadebridge parkrun</option>",363,Gadebridge parkrun,Gadebridge
"<option value=""491"">Ganavan Sands parkrun</option>",491,Ganavan Sands parkrun,Ganavan Sands
"<option value=""2873"">Garvagh Forest parkrun</option>",2873,Garvagh Forest parkrun,Garvagh Forest
"<option value=""248"">Gateshead parkrun</option>",248,Gateshead parkrun,Gateshead
"<option value=""1264"">Gedling parkrun</option>",1264,Gedling parkrun,Gedling
"<option value=""2049"">Girvan Prom parkrun</option>",2049,Girvan Prom parkrun,Girvan Prom
"<option value=""389"">Gladstone parkrun</option>",389,Gladstone parkrun,Gladstone
"<option value=""1311"">Glossop parkrun</option>",1311,Glossop parkrun,Glossop
"<option value=""1839"">Gloucester City parkrun</option>",1839,Gloucester City parkrun,Gloucester City
"<option value=""224"">Gloucester North parkrun</option>",224,Gloucester North parkrun,Gloucester North
"<option value=""1349"">Gnoll parkrun</option>",1349,Gnoll parkrun,Gnoll
"<option value=""413"">Goole parkrun</option>",413,Goole parkrun,Goole
"<option value=""14"">Gorleston Cliffs parkrun</option>",14,Gorleston Cliffs parkrun,Gorleston
"<option value=""1315"">Grangemoor parkrun</option>",1315,Grangemoor parkrun,Grangemoor
"<option value=""372"">Graves parkrun</option>",372,Graves parkrun,Graves
"<option value=""762"">Great Cornard parkrun</option>",762,Great Cornard parkrun,Great Cornard
"<option value=""1842"">Great Denham parkrun</option>",1842,Great Denham parkrun,Great Denham
"<option value=""1924"">Great Dunmow parkrun</option>",1924,Great Dunmow parkrun,Great Dunmow
"<option value=""680"">Great Lines parkrun, Medway</option>",680,"Great Lines parkrun, Medway",Great Lines
"<option value=""911"">Great Notley parkrun</option>",911,Great Notley parkrun,Great Notley
"<option value=""2975"">Great Salterns parkrun</option>",2975,Great Salterns parkrun,Great Salterns
"<option value=""2615"">Great Yarmouth North Beach parkrun</option>",2615,Great Yarmouth North Beach parkrun,Great Yarmouth North Beach
"<option value=""2680"">Greenfield Valley parkrun</option>",2680,Greenfield Valley parkrun,Greenfield Valley
"<option value=""185"">Greenock parkrun</option>",185,Greenock parkrun,Greenock
"<option value=""53"">Greenwich parkrun</option>",53,Greenwich parkrun,Greenwich
"<option value=""2255"">Groe parkrun</option>",2255,Groe parkrun,Groe
"<option value=""2877"">Grove Fields parkrun</option>",2877,Grove Fields parkrun,Grove Fields
"<option value=""44"">Grovelands parkrun, Enfield</option>",44,"Grovelands parkrun, Enfield",Grovelands
"<option value=""71"">Guildford parkrun</option>",71,Guildford parkrun,Guildford
"<option value=""191"">Gunnersbury parkrun</option>",191,Gunnersbury parkrun,Gunnersbury
"<option value=""294"">Gunpowder parkrun</option>",294,Gunpowder parkrun,Gunpowder
"<option value=""51"">Hackney Marshes parkrun</option>",51,Hackney Marshes parkrun,Hackney Marshes
"<option value=""453"">Hackworth parkrun</option>",453,Hackworth parkrun,Hackworth
"<option value=""35"">Hadleigh parkrun, Essex</option>",35,"Hadleigh parkrun, Essex",Hadleigh
"<option value=""2231"">Hafan Pwllheli parkrun</option>",2231,Hafan Pwllheli parkrun,Hafan Pwllheli
"<option value=""1347"">Haigh Woodland parkrun</option>",1347,Haigh Woodland parkrun,Haigh Woodland
"<option value=""2250"">Haldon Forest parkrun</option>",2250,Haldon Forest parkrun,Haldon Forest
"<option value=""127"">Halifax parkrun</option>",127,Halifax parkrun,Halifax
"<option value=""72"">Hampstead Heath parkrun</option>",72,Hampstead Heath parkrun,Hampstead Heath
"<option value=""2936"">Hamsterley Forest parkrun</option>",2936,Hamsterley Forest parkrun,Hamsterley Forest
"<option value=""327"">Hanley parkrun</option>",327,Hanley parkrun,Hanley
"<option value=""2314"">Hanworth parkrun</option>",2314,Hanworth parkrun,Hanworth
"<option value=""1030"">Harcourt Hill parkrun</option>",1030,Harcourt Hill parkrun,Harcourt Hill
"<option value=""2899"">Harleston Magpies parkrun</option>",2899,Harleston Magpies parkrun,Harleston Magpies
"<option value=""1031"">Harlow parkrun</option>",1031,Harlow parkrun,Harlow
"<option value=""215"">Harrogate parkrun</option>",215,Harrogate parkrun,Harrogate
"<option value=""442"">Harrow Lodge parkrun</option>",442,Harrow Lodge parkrun,Harrow Lodge
"<option value=""31"">Harrow parkrun</option>",31,Harrow parkrun,Harrow
"<option value=""457"">Hartlepool parkrun</option>",457,Hartlepool parkrun,Hartlepool
"<option value=""1290"">Harwich parkrun</option>",1290,Harwich parkrun,Harwich
"<option value=""3033"">Hastings High School parkrun</option>",3033,Hastings High School parkrun,Hastings High School
"<option value=""1197"">Hastings parkrun</option>",1197,Hastings parkrun,Hastings
"<option value=""97"">Havant parkrun</option>",97,Havant parkrun,Havant
"<option value=""640"">Haverfordwest parkrun</option>",640,Haverfordwest parkrun,Haverfordwest
"<option value=""1858"">Haverhill parkrun</option>",1858,Haverhill parkrun,Haverhill
"<option value=""2169"">Hay Lodge parkrun</option>",2169,Hay Lodge parkrun,Hay Lodge
"<option value=""1876"">Hazelwood parkrun</option>",1876,Hazelwood parkrun,Hazelwood
"<option value=""656"">Hazlehead parkrun, Aberdeen</option>",656,"Hazlehead parkrun, Aberdeen",Hazlehead
"<option value=""1906"">Heartlands parkrun</option>",1906,Heartlands parkrun,Heartlands
"<option value=""18"">Heaton parkrun</option>",18,Heaton parkrun,Heaton Park
"<option value=""2131"">Henley Wood parkrun, Oswestry</option>",2131,"Henley Wood parkrun, Oswestry","Henley Wood, Oswestry"
"<option value=""234"">Henley-on-Thames parkrun</option>",234,Henley-on-Thames parkrun,Henley-on-Thames
"<option value=""2777"">Henlow Bridge Lakes parkrun</option>",2777,Henlow Bridge Lakes parkrun,Henlow Bridge Lakes
"<option value=""2096"">Henstridge Airfield parkrun</option>",2096,Henstridge Airfield parkrun,Henstridge Airfield
"<option value=""1001"">Hereford parkrun</option>",1001,Hereford parkrun,Hereford
"<option value=""2407"">Herrington Country parkrun</option>",2407,Herrington Country parkrun,Herrington Country
"<option value=""1259"">Heslington parkrun</option>",1259,Heslington parkrun,Heslington
"<option value=""2084"">Higginson parkrun, Marlow</option>",2084,"Higginson parkrun, Marlow","Higginson, Marlow"
"<option value=""126"">Highbury Fields parkrun</option>",126,Highbury Fields parkrun,Highbury Fields
"<option value=""2247"">Highwoods parkrun</option>",2247,Highwoods parkrun,Highwoods
"<option value=""2819"">Hillsborough Forest parkrun</option>",2819,Hillsborough Forest parkrun,Hillsborough Forest
"<option value=""484"">Hillsborough parkrun</option>",484,Hillsborough parkrun,Hillsborough
"<option value=""391"">Hilly Fields parkrun</option>",391,Hilly Fields parkrun,Hilly Fields
"<option value=""309"">Hoblingwell parkrun</option>",309,Hoblingwell parkrun,Hoblingwell
"<option value=""1110"">Hockley Woods parkrun</option>",1110,Hockley Woods parkrun,Hockley Woods
"<option value=""1853"">Hogmoor Inclosure parkrun</option>",1853,Hogmoor Inclosure parkrun,Hogmoor Inclosure
"<option value=""1345"">Holkham parkrun</option>",1345,Holkham parkrun,Holkham
"<option value=""2383"">Holy Cross College parkrun</option>",2383,Holy Cross College parkrun,Holy Cross College
"<option value=""3082"">Holyrood parkrun</option>",3082,Holyrood parkrun,Holyrood
"<option value=""422"">Homewood parkrun</option>",422,Homewood parkrun,Homewood
"<option value=""299"">Horsham parkrun</option>",299,Horsham parkrun,Horsham
"<option value=""2671"">Horspath parkrun</option>",2671,Horspath parkrun,Horspath
"<option value=""1243"">Horton Park parkrun</option>",1243,Horton Park parkrun,Horton Park
"<option value=""357"">Houghton Hall parkrun</option>",357,Houghton Hall parkrun,Houghton Hall
"<option value=""1268"">Hove Promenade parkrun</option>",1268,Hove Promenade parkrun,Hove Promenade
"<option value=""258"">Huddersfield parkrun</option>",258,Huddersfield parkrun,Huddersfield
"<option value=""34"">Hull parkrun</option>",34,Hull parkrun,Hull
"<option value=""866"">Humber Bridge parkrun</option>",866,Humber Bridge parkrun,Humber Bridge
"<option value=""2491"">Hunstanton Promenade parkrun</option>",2491,Hunstanton Promenade parkrun,Hunstanton Promenade
"<option value=""462"">Huntingdon parkrun</option>",462,Huntingdon parkrun,Huntingdon
"<option value=""114"">Hyde parkrun</option>",114,Hyde parkrun,Hyde
"<option value=""89"">Hyndburn parkrun</option>",89,Hyndburn parkrun,Hyndburn
"<option value=""2481"">Ifield Mill Pond parkrun</option>",2481,Ifield Mill Pond parkrun,Ifield Mill Pond
"<option value=""74"">Ipswich parkrun</option>",74,Ipswich parkrun,Ipswich
"<option value=""2522"">Irchester Country parkrun</option>",2522,Irchester Country parkrun,Irchester Country
"<option value=""2196"">Isabel Trail parkrun</option>",2196,Isabel Trail parkrun,Isabel Trail
"<option value=""2640"">Itchen Valley Country parkrun</option>",2640,Itchen Valley Country parkrun,Itchen Valley Country
"<option value=""2182"">Jersey Farm parkrun</option>",2182,Jersey Farm parkrun,Jersey Farm
"<option value=""2502"">Jesmond Dene parkrun</option>",2502,Jesmond Dene parkrun,Jesmond Dene
"<option value=""2509"">Jubilee parkrun</option>",2509,Jubilee parkrun,Jubilee
"<option value=""975"">Kesgrave parkrun</option>",975,Kesgrave parkrun,Kesgrave
"<option value=""828"">Keswick parkrun</option>",828,Keswick parkrun,Keswick
"<option value=""244"">Kettering parkrun</option>",244,Kettering parkrun,Kettering
"<option value=""2199"">Kew Woods parkrun</option>",2199,Kew Woods parkrun,Kew Woods
"<option value=""239"">Killerton parkrun</option>",239,Killerton parkrun,Killerton
"<option value=""2451"">King George V Playing Field parkrun, Cheltenham</option>",2451,"King George V Playing Field parkrun, Cheltenham",King George V Playing Field
"<option value=""2299"">Kingdom parkrun</option>",2299,Kingdom parkrun,Kingdom
"<option value=""485"">Kingsbury Water parkrun</option>",485,Kingsbury Water parkrun,Kingsbury Water
"<option value=""75"">Kingston parkrun</option>",75,Kingston parkrun,Kingston
"<option value=""48"">Kingsway parkrun, Gloucester</option>",48,"Kingsway parkrun, Gloucester",Kingsway
"<option value=""313"">King’s Lynn parkrun</option>",313,King’s Lynn parkrun,King’s Lynn
"<option value=""754"">Kirkcaldy parkrun</option>",754,Kirkcaldy parkrun,Kirkcaldy
"<option value=""1923"">Kirkwall parkrun</option>",1923,Kirkwall parkrun,Kirkwall
"<option value=""2658"">Knockbracken Reservoir parkrun</option>",2658,Knockbracken Reservoir parkrun,Knockbracken Reservoir
"<option value=""118"">Knowsley parkrun</option>",118,Knowsley parkrun,Knowsley
"<option value=""2065"">Lanark Moor parkrun</option>",2065,Lanark Moor parkrun,Lanark Moor
"<option value=""1385"">Lancaster parkrun</option>",1385,Lancaster parkrun,Lancaster
"<option value=""2067"">Lancing Beach Green parkrun</option>",2067,Lancing Beach Green parkrun,Lancing Beach Green
"<option value=""2543"">Land’s End parkrun</option>",2543,Land’s End parkrun,Land’s End
"<option value=""755"">Lanhydrock parkrun</option>",755,Lanhydrock parkrun,Lanhydrock
"<option value=""3065"">Largs Prom parkrun</option>",3065,Largs Prom parkrun,Largs Prom
"<option value=""659"">Larne parkrun</option>",659,Larne parkrun,Larne
"<option value=""77"">Leamington parkrun</option>",77,Leamington parkrun,Leamington
"<option value=""3154"">Leavesden Country parkrun</option>",3154,Leavesden Country parkrun,Leavesden Country
"<option value=""2419"">Leazes parkrun</option>",2419,Leazes parkrun,Leazes
"<option value=""1271"">Lee-on-the-Solent parkrun</option>",1271,Lee-on-the-Solent parkrun,Lee-on-the-Solent
"<option value=""1351"">Leicester Victoria parkrun</option>",1351,Leicester Victoria parkrun,Leicester Victoria
"<option value=""1827"">Letchworth parkrun</option>",1827,Letchworth parkrun,Letchworth
"<option value=""2571"">Levengrove parkrun</option>",2571,Levengrove parkrun,Levengrove
"<option value=""2596"">Lews Castle parkrun</option>",2596,Lews Castle parkrun,Lews Castle
"<option value=""1143"">Limavady parkrun</option>",1143,Limavady parkrun,Limavady
"<option value=""3086"">Limepark Playing Fields parkrun</option>",3086,Limepark Playing Fields parkrun,Limepark Playing Fields
"<option value=""149"">Lincoln parkrun</option>",149,Lincoln parkrun,Lincoln
"<option value=""293"">Linford Wood parkrun</option>",293,Linford Wood parkrun,Linford Wood
"<option value=""2257"">Lingwood parkrun</option>",2257,Lingwood parkrun,Lingwood
"<option value=""444"">Linwood parkrun</option>",444,Linwood parkrun,Linwood
"<option value=""2293"">Littlehampton Prom parkrun</option>",2293,Littlehampton Prom parkrun,Littlehampton Prom
"<option value=""2014"">Littleport parkrun</option>",2014,Littleport parkrun,Littleport
"<option value=""360"">Livingston parkrun</option>",360,Livingston parkrun,Livingston
"<option value=""1834"">Llanerchaeron parkrun</option>",1834,Llanerchaeron parkrun,Llanerchaeron
"<option value=""3068"">Llanishen Park parkrun</option>",3068,Llanishen Park parkrun,Llanishen Park
"<option value=""190"">Lloyd parkrun, Croydon</option>",190,"Lloyd parkrun, Croydon",Lloyd
"<option value=""466"">Llyn Llech Owain parkrun</option>",466,Llyn Llech Owain parkrun,Llyn Llech Owain
"<option value=""2069"">Loch Leven parkrun</option>",2069,Loch Leven parkrun,Loch Leven
"<option value=""2234"">Loch Neaton parkrun, Watton</option>",2234,"Loch Neaton parkrun, Watton",Loch Neaton
"<option value=""2272"">Lochend Woods parkrun</option>",2272,Lochend Woods parkrun,Lochend Woods
"<option value=""1977"">Lochore Meadows parkrun</option>",1977,Lochore Meadows parkrun,Lochore Meadows
"<option value=""261"">Long Eaton parkrun</option>",261,Long Eaton parkrun,Long Eaton
"<option value=""681"">Longrun Meadow parkrun</option>",681,Longrun Meadow parkrun,Longrun Meadow
"<option value=""3163"">Lordship Recreation Ground parkrun</option>",3163,Lordship Recreation Ground parkrun,Lordship Recreation Ground
"<option value=""1289"">Lowestoft parkrun</option>",1289,Lowestoft parkrun,Lowestoft
"<option value=""1401"">Ludlow parkrun</option>",1401,Ludlow parkrun,Ludlow
"<option value=""1201"">Lullingstone parkrun</option>",1201,Lullingstone parkrun,Lullingstone
"<option value=""45"">Luton Wardown parkrun</option>",45,Luton Wardown parkrun,Luton Wardown
"<option value=""61"">Lydiard parkrun</option>",61,Lydiard parkrun,Lydiard
"<option value=""1369"">Lydney parkrun</option>",1369,Lydney parkrun,Lydney
"<option value=""783"">Lyme Park parkrun</option>",783,Lyme Park parkrun,Lyme Park
"<option value=""217"">Lymington Woodside parkrun</option>",217,Lymington Woodside parkrun,Lymington Woodside
"<option value=""1359"">Lytham Hall parkrun</option>",1359,Lytham Hall parkrun,Lytham Hall
"<option value=""537"">MUSA Cookstown parkrun</option>",537,MUSA Cookstown parkrun,MUSA Cookstown
"<option value=""1891"">Macclesfield parkrun</option>",1891,Macclesfield parkrun,Macclesfield
"<option value=""259"">Maesteg parkrun</option>",259,Maesteg parkrun,Maesteg
"<option value=""1109"">Maidenhead parkrun</option>",1109,Maidenhead parkrun,Maidenhead
"<option value=""79"">Maidstone parkrun</option>",79,Maidstone parkrun,Maidstone
"<option value=""277"">Maldon Prom parkrun</option>",277,Maldon Prom parkrun,Maldon Prom
"<option value=""2434"">Mallards Pike parkrun</option>",2434,Mallards Pike parkrun,Mallards Pike
"<option value=""1330"">Malling parkrun</option>",1330,Malling parkrun,Malling
"<option value=""2050"">Manor Field parkrun, Whittlesey</option>",2050,"Manor Field parkrun, Whittlesey","Manor Field, Whittlesey"
"<option value=""174"">Mansfield parkrun</option>",174,Mansfield parkrun,Mansfield
"<option value=""1376"">March parkrun</option>",1376,March parkrun,March
"<option value=""520"">Margate parkrun</option>",520,Margate parkrun,Margate
"<option value=""2970"">Marine Parade parkrun</option>",2970,Marine Parade parkrun,Marine Parade
"<option value=""182"">Markeaton parkrun</option>",182,Markeaton parkrun,Markeaton
"<option value=""246"">Market Harborough parkrun</option>",246,Market Harborough parkrun,Market Harborough
"<option value=""2175"">Market Rasen Racecourse parkrun</option>",2175,Market Rasen Racecourse parkrun,Market Rasen Racecourse
"<option value=""2944"">Markshall Estate parkrun</option>",2944,Markshall Estate parkrun,Markshall Estate
"<option value=""2113"">Marlborough Common parkrun</option>",2113,Marlborough Common parkrun,Marlborough Common
"<option value=""370"">Marple parkrun</option>",370,Marple parkrun,Marple
"<option value=""2248"">Marshall Drive parkrun, Brotton</option>",2248,"Marshall Drive parkrun, Brotton",Marshall Drive
"<option value=""3158"">Maryport Prom parkrun</option>",3158,Maryport Prom parkrun,Maryport Prom
"<option value=""2226"">Meadowmill parkrun</option>",2226,Meadowmill parkrun,Meadowmill
"<option value=""265"">Medina I.O.W. parkrun</option>",265,Medina I.O.W. parkrun,Medina I.O.W.
"<option value=""1796"">Melksham parkrun</option>",1796,Melksham parkrun,Melksham
"<option value=""1071"">Melton Mowbray parkrun</option>",1071,Melton Mowbray parkrun,Melton Mowbray
"<option value=""1602"">Mersea Island parkrun</option>",1602,Mersea Island parkrun,Mersea Island
"<option value=""209"">Merthyr parkrun</option>",209,Merthyr parkrun,Merthyr
"<option value=""1950"">Middleton Woods parkrun</option>",1950,Middleton Woods parkrun,Middleton Woods
"<option value=""3076"">Mildenhall Hub parkrun</option>",3076,Mildenhall Hub parkrun,Mildenhall Hub
"<option value=""343"">Mile End parkrun</option>",343,Mile End parkrun,Mile End
"<option value=""2460"">Milford Waterfront parkrun</option>",2460,Milford Waterfront parkrun,Milford Waterfront
"<option value=""2270"">Millennium Country parkrun, Forest of Marston Vale</option>",2270,"Millennium Country parkrun, Forest of Marston Vale",Millennium Country
"<option value=""2384"">Millfield parkrun</option>",2384,Millfield parkrun,Millfield
"<option value=""2450"">Millhouses parkrun</option>",2450,Millhouses parkrun,Millhouses
"<option value=""109"">Millom parkrun</option>",109,Millom parkrun,Millom
"<option value=""113"">Milton Keynes parkrun</option>",113,Milton Keynes parkrun,Milton Keynes
"<option value=""161"">Minehead parkrun</option>",161,Minehead parkrun,Minehead
"<option value=""1849"">Mole Valley parkrun</option>",1849,Mole Valley parkrun,Mole Valley
"<option value=""1798"">Monsal Trail parkrun</option>",1798,Monsal Trail parkrun,Bakewell
"<option value=""216"">Montrose parkrun</option>",216,Montrose parkrun,Montrose
"<option value=""122"">Moors Valley parkrun</option>",122,Moors Valley parkrun,Moors Valley
"<option value=""2292"">Morecambe Prom parkrun</option>",2292,Morecambe Prom parkrun,Morecambe Prom
"<option value=""3062"">Mote Park parkrun</option>",3062,Mote Park parkrun,Mote Park
"<option value=""1387"">Mount Edgcumbe parkrun</option>",1387,Mount Edgcumbe parkrun,Mount Edgcumbe
"<option value=""2459"">Mount Stuart parkrun</option>",2459,Mount Stuart parkrun,Mount Stuart
"<option value=""2164"">Myrtle parkrun</option>",2164,Myrtle parkrun,Myrtle
"<option value=""2057"">Nant y Pandy parkrun</option>",2057,Nant y Pandy parkrun,Nant y Pandy
"<option value=""366"">Netley Abbey parkrun</option>",366,Netley Abbey parkrun,Netley Abbey
"<option value=""1856"">New Earswick parkrun</option>",1856,New Earswick parkrun,New Earswick
"<option value=""570"">Newark parkrun</option>",570,Newark parkrun,Newark
"<option value=""524"">Newbiggin-by-the-Sea parkrun</option>",524,Newbiggin-by-the-Sea parkrun,Newbiggin-by-the-Sea
"<option value=""2012"">Newborough Forest parkrun</option>",2012,Newborough Forest parkrun,Newborough Forest
"<option value=""198"">Newbury parkrun</option>",198,Newbury parkrun,Newbury
"<option value=""451"">Newent parkrun, Forest of Dean</option>",451,"Newent parkrun, Forest of Dean",Newent
"<option value=""228"">Newport parkrun</option>",228,Newport parkrun,Newport
"<option value=""120"">Newtown parkrun</option>",120,Newtown parkrun,Newtown
"<option value=""250"">Nobles parkrun</option>",250,Nobles parkrun,Nobles
"<option value=""133"">Nonsuch parkrun</option>",133,Nonsuch parkrun,Nonsuch
"<option value=""278"">Normanby Hall parkrun</option>",278,Normanby Hall parkrun,Normanby Hall
"<option value=""2992"">North Walsham parkrun</option>",2992,North Walsham parkrun,North Walsham
"<option value=""3007"">North Yorkshire Water Park parkrun</option>",3007,North Yorkshire Water Park parkrun,North Yorkshire Water Park
"<option value=""682"">Northala Fields parkrun</option>",682,Northala Fields parkrun,Northala Fields
"<option value=""1130"">Northallerton parkrun</option>",1130,Northallerton parkrun,Northallerton
"<option value=""181"">Northampton parkrun</option>",181,Northampton parkrun,Northampton
"<option value=""1908"">Northwich parkrun</option>",1908,Northwich parkrun,Northwich
"<option value=""101"">Norwich parkrun</option>",101,Norwich parkrun,Norwich
"<option value=""956"">Nostell parkrun</option>",956,Nostell parkrun,Nostell
"<option value=""2569"">Nova Prestatyn parkrun</option>",2569,Nova Prestatyn parkrun,Nova Prestatyn
"<option value=""184"">Oak Hill parkrun</option>",184,Oak Hill parkrun,Oak Hill
"<option value=""2539"">Oaklands parkrun</option>",2539,Oaklands parkrun,Oaklands
"<option value=""899"">Oakwell Hall parkrun</option>",899,Oakwell Hall parkrun,Oakwell Hall
"<option value=""56"">Old Deer Park parkrun</option>",56,Old Deer Park parkrun,Old Deer Park
"<option value=""106"">Oldham parkrun</option>",106,Oldham parkrun,Oldham
"<option value=""569"">Omagh parkrun</option>",569,Omagh parkrun,Omagh
"<option value=""2056"">Orangefield parkrun</option>",2056,Orangefield parkrun,Orangefield
"<option value=""2538"">Oriam parkrun</option>",2538,Oriam parkrun,Oriam
"<option value=""584"">Ormeau parkrun</option>",584,Ormeau parkrun,Ormeau
"<option value=""782"">Ormskirk parkrun</option>",782,Ormskirk parkrun,Ormskirk
"<option value=""403"">Orpington parkrun</option>",403,Orpington parkrun,Orpington
"<option value=""620"">Osterley parkrun</option>",620,Osterley parkrun,Osterley
"<option value=""81"">Oxford parkrun</option>",81,Oxford parkrun,Oxford
"<option value=""3097"">Palacerigg Country parkrun</option>",3097,Palacerigg Country parkrun,Palacerigg Country
"<option value=""1018"">Panshanger parkrun</option>",1018,Panshanger parkrun,Panshanger
"<option value=""837"">Parke parkrun</option>",837,Parke parkrun,Parke
"<option value=""171"">Peacehaven parkrun</option>",171,Peacehaven parkrun,Peacehaven
"<option value=""882"">Peckham Rye parkrun</option>",882,Peckham Rye parkrun,Peckham Rye
"<option value=""2740"">Peel parkrun</option>",2740,Peel parkrun,Peel
"<option value=""521"">Pegwell Bay parkrun</option>",521,Pegwell Bay parkrun,Pegwell Bay
"<option value=""549"">Penallta parkrun</option>",549,Penallta parkrun,Penallta
"<option value=""869"">Pendle parkrun</option>",869,Pendle parkrun,Pendle
"<option value=""2284"">Penistone parkrun</option>",2284,Penistone parkrun,Penistone
"<option value=""252"">Pennington Flash parkrun</option>",252,Pennington Flash parkrun,Pennington Flash
"<option value=""1029"">Penrhyn parkrun</option>",1029,Penrhyn parkrun,Penrhyn
"<option value=""761"">Penrith parkrun</option>",761,Penrith parkrun,Penrith
"<option value=""1172"">Penrose parkrun</option>",1172,Penrose parkrun,Penrose
"<option value=""2765"">Penryn Campus parkrun</option>",2765,Penryn Campus parkrun,Penryn Campus
"<option value=""1047"">Perry Hall parkrun</option>",1047,Perry Hall parkrun,Perry Hall
"<option value=""225"">Perth parkrun</option>",225,Perth parkrun,Perth
"<option value=""410"">Peter Pan parkrun</option>",410,Peter Pan parkrun,Peter Pan
"<option value=""116"">Phoenix parkrun</option>",116,Phoenix parkrun,Phoenix
"<option value=""47"">Plean parkrun</option>",47,Plean parkrun,Plean
"<option value=""82"">Plymvalley parkrun</option>",82,Plymvalley parkrun,Plymvalley
"<option value=""2009"">Pocket parkrun</option>",2009,Pocket parkrun,Pocket
"<option value=""2360"">Polkemmet Country parkrun</option>",2360,Polkemmet Country parkrun,Polkemmet Country
"<option value=""12"">Pollok parkrun, Glasgow</option>",12,"Pollok parkrun, Glasgow",Pollok
"<option value=""701"">Pomphrey Hill parkrun</option>",701,Pomphrey Hill parkrun,Pomphrey Hill
"<option value=""2297"">Pont y Bala parkrun</option>",2297,Pont y Bala parkrun,Pont y Bala
"<option value=""151"">Pontefract parkrun</option>",151,Pontefract parkrun,Pontefract
"<option value=""697"">Pontypool parkrun</option>",697,Pontypool parkrun,Pontypool
"<option value=""510"">Pontypridd parkrun</option>",510,Pontypridd parkrun,Pontypridd
"<option value=""233"">Poole parkrun</option>",233,Poole parkrun,Poole
"<option value=""1437"">Poolsbrook parkrun</option>",1437,Poolsbrook parkrun,Poolsbrook
"<option value=""511"">Porthcawl parkrun</option>",511,Porthcawl parkrun,Porthcawl
"<option value=""893"">Portobello parkrun, Edinburgh</option>",893,"Portobello parkrun, Edinburgh",Portobello
"<option value=""371"">Portrush parkrun</option>",371,Portrush parkrun,Portrush
"<option value=""1429"">Portsmouth Lakeside parkrun</option>",1429,Portsmouth Lakeside parkrun,Portsmouth Lakeside
"<option value=""2184"">Potternewton parkrun</option>",2184,Potternewton parkrun,Potternewton
"<option value=""525"">Preston Park parkrun, Brighton</option>",525,"Preston Park parkrun, Brighton",Preston Park
"<option value=""59"">Preston parkrun</option>",59,Preston parkrun,Preston
"<option value=""255"">Princes parkrun, Liverpool</option>",255,"Princes parkrun, Liverpool",Princes
"<option value=""1904"">Prospect parkrun</option>",1904,Prospect parkrun,Prospect
"<option value=""65"">Prudhoe Riverside parkrun</option>",65,Prudhoe Riverside parkrun,Prudhoe Riverside
"<option value=""254"">Pymmes parkrun</option>",254,Pymmes parkrun,Pymmes
"<option value=""551"">Queen Elizabeth parkrun</option>",551,Queen Elizabeth parkrun,Queen Elizabeth
"<option value=""352"">Queen’s parkrun, Belfast</option>",352,"Queen’s parkrun, Belfast",Queens
"<option value=""2510"">Queen’s parkrun, Glasgow</option>",2510,"Queen’s parkrun, Glasgow","Queen’s, Glasgow"
"<option value=""275"">Raphael parkrun</option>",275,Raphael parkrun,Raphael
"<option value=""20"">Reading parkrun</option>",20,Reading parkrun,Reading
"<option value=""359"">Redcar parkrun</option>",359,Redcar parkrun,Redcar
"<option value=""814"">Reigate Priory parkrun</option>",814,Reigate Priory parkrun,Reigate Priory
"<option value=""3008"">Rendlesham Forest parkrun</option>",3008,Rendlesham Forest parkrun,Rendlesham Forest
"<option value=""4"">Richmond parkrun</option>",4,Richmond parkrun,Richmond Park
"<option value=""125"">Rickmansworth parkrun</option>",125,Rickmansworth parkrun,Rickmansworth
"<option value=""241"">Riddlesdown parkrun</option>",241,Riddlesdown parkrun,Riddlesdown
"<option value=""765"">Rising Sun parkrun</option>",765,Rising Sun parkrun,Rising Sun
"<option value=""84"">Riverfront parkrun</option>",84,Riverfront parkrun,Riverfront
"<option value=""385"">Riverside parkrun</option>",385,Riverside parkrun,Riverside
"<option value=""2760"">Roberts Park parkrun</option>",2760,Roberts Park parkrun,Roberts Park
"<option value=""107"">Roding Valley parkrun</option>",107,Roding Valley parkrun,Roding Valley
"<option value=""1797"">Rogiet parkrun</option>",1797,Rogiet parkrun,Rogiet
"<option value=""153"">Rosliston parkrun</option>",153,Rosliston parkrun,Rosliston
"<option value=""2429"">Ross-on-Wye parkrun</option>",2429,Ross-on-Wye parkrun,Ross-on-Wye
"<option value=""63"">Rostrevor parkrun</option>",63,Rostrevor parkrun,Rostrevor
"<option value=""2620"">Rothay Park parkrun</option>",2620,Rothay Park parkrun,Rothay Park
"<option value=""479"">Rother Valley parkrun</option>",479,Rother Valley parkrun,Rother Valley
"<option value=""478"">Rotherham parkrun</option>",478,Rotherham parkrun,Rotherham
"<option value=""247"">Rothwell parkrun</option>",247,Rothwell parkrun,Rothwell
"<option value=""297"">Roundhay parkrun</option>",297,Roundhay parkrun,Roundhay
"<option value=""19"">Roundshaw Downs parkrun</option>",19,Roundshaw Downs parkrun,Roundshaw Downs
"<option value=""138"">Royal Tunbridge Wells parkrun</option>",138,Royal Tunbridge Wells parkrun,Royal Tunbridge Wells
"<option value=""727"">Ruchill parkrun</option>",727,Ruchill parkrun,Ruchill
"<option value=""98"">Rugby parkrun</option>",98,Rugby parkrun,Rugby
"<option value=""414"">Rushcliffe parkrun</option>",414,Rushcliffe parkrun,Rushcliffe
"<option value=""1348"">Rushmere parkrun</option>",1348,Rushmere parkrun,Rushmere
"<option value=""843"">Rushmoor parkrun</option>",843,Rushmoor parkrun,Rushmoor
"<option value=""3060"">Ruthin Memorial Playing Fields parkrun</option>",3060,Ruthin Memorial Playing Fields parkrun,Ruthin Memorial Playing Fields
"<option value=""1332"">Rutland Water parkrun</option>",1332,Rutland Water parkrun,Rutland Water
"<option value=""2514"">Salcey Forest parkrun</option>",2514,Salcey Forest parkrun,Salcey Forest
"<option value=""1509"">Sale Water parkrun</option>",1509,Sale Water parkrun,Sale Water
"<option value=""1253"">Salisbury parkrun</option>",1253,Salisbury parkrun,Salisbury
"<option value=""631"">Sandall Park parkrun</option>",631,Sandall Park parkrun,Doncaster
"<option value=""2578"">Sandhurst Memorial parkrun</option>",2578,Sandhurst Memorial parkrun,Sandhurst Memorial
"<option value=""2893"">Sandringham parkrun</option>",2893,Sandringham parkrun,Sandringham
"<option value=""296"">Sandwell Valley parkrun</option>",296,Sandwell Valley parkrun,Sandwell Valley
"<option value=""2901"">Sandy Water parkrun</option>",2901,Sandy Water parkrun,Sandy Water
"<option value=""477"">Scunthorpe parkrun</option>",477,Scunthorpe parkrun,Scunthorpe
"<option value=""2232"">Seaford Beach parkrun</option>",2232,Seaford Beach parkrun,Seaford Beach
"<option value=""580"">Seaton parkrun</option>",580,Seaton parkrun,Seaton
"<option value=""356"">Sedgefield parkrun</option>",356,Sedgefield parkrun,Sedgefield
"<option value=""1791"">Selby parkrun</option>",1791,Selby parkrun,Selby
"<option value=""2551"">Seven Fields parkrun</option>",2551,Seven Fields parkrun,Seven Fields
"<option value=""2029"">Severn Bridge parkrun</option>",2029,Severn Bridge parkrun,Severn Bridge
"<option value=""2398"">Severn Valley Country parkrun</option>",2398,Severn Valley Country parkrun,Severn Valley Country
"<option value=""338"">Sewerby parkrun</option>",338,Sewerby parkrun,Sewerby
"<option value=""2779"">Sharpham Road Playing Fields parkrun</option>",2779,Sharpham Road Playing Fields parkrun,Sharpham Road Playing Fields
"<option value=""613"">Sheffield Castle parkrun</option>",613,Sheffield Castle parkrun,Sheffield Castle
"<option value=""140"">Shepton Mallet parkrun</option>",140,Shepton Mallet parkrun,Shepton Mallet
"<option value=""432"">Sheringham parkrun</option>",432,Sheringham parkrun,Sheringham
"<option value=""1329"">Sherwood Pines parkrun</option>",1329,Sherwood Pines parkrun,Sherwood Pines
"<option value=""124"">Shipley Country parkrun</option>",124,Shipley Country parkrun,Shipley Country
"<option value=""535"">Shorne Woods parkrun</option>",535,Shorne Woods parkrun,Shorne Woods
"<option value=""628"">Shrewsbury parkrun</option>",628,Shrewsbury parkrun,Shrewsbury
"<option value=""23"">Silksworth parkrun</option>",23,Silksworth parkrun,Silksworth
"<option value=""1409"">Sittingbourne parkrun</option>",1409,Sittingbourne parkrun,Sittingbourne
"<option value=""1846"">Sixfields Upton parkrun</option>",1846,Sixfields Upton parkrun,Sixfields Upton
"<option value=""2408"">Sixmilewater parkrun</option>",2408,Sixmilewater parkrun,Sixmilewater
"<option value=""2077"">Sizewell parkrun</option>",2077,Sizewell parkrun,Sizewell
"<option value=""621"">Skipton parkrun</option>",621,Skipton parkrun,Skipton
"<option value=""2320"">Sloughbottom parkrun</option>",2320,Sloughbottom parkrun,Sloughbottom
"<option value=""2278"">Snowden Field parkrun</option>",2278,Snowden Field parkrun,Snowden Field
"<option value=""2544"">Soham Village College parkrun</option>",2544,Soham Village College parkrun,Soham Village College
"<option value=""2179"">Somerdale Pavilion parkrun</option>",2179,Somerdale Pavilion parkrun,Somerdale Pavilion
"<option value=""28"">South Manchester parkrun</option>",28,South Manchester parkrun,South Manchester
"<option value=""218"">South Norwood parkrun</option>",218,South Norwood parkrun,South Norwood
"<option value=""1139"">South Oxhey parkrun</option>",1139,South Oxhey parkrun,South Oxhey
"<option value=""411"">South Shields parkrun</option>",411,South Shields parkrun,South Shields
"<option value=""1835"">South Woodham Ferrers parkrun</option>",1835,South Woodham Ferrers parkrun,South Woodham Ferrers
"<option value=""2968"">Southall parkrun</option>",2968,Southall parkrun,Southall
"<option value=""60"">Southampton parkrun</option>",60,Southampton parkrun,Southampton
"<option value=""335"">Southend parkrun</option>",335,Southend parkrun,Southend
"<option value=""221"">Southport parkrun</option>",221,Southport parkrun,Southport
"<option value=""91"">Southsea parkrun</option>",91,Southsea parkrun,Southsea
"<option value=""468"">Southwark parkrun</option>",468,Southwark parkrun,Southwark
"<option value=""314"">Southwick Country parkrun</option>",314,Southwick Country parkrun,Southwick Country Park
"<option value=""829"">Springburn parkrun, Glasgow</option>",829,"Springburn parkrun, Glasgow",Springburn
"<option value=""2446"">Squerryes Winery parkrun</option>",2446,Squerryes Winery parkrun,Squerryes Winery
"<option value=""95"">St Albans parkrun</option>",95,St Albans parkrun,St Albans
"<option value=""249"">St Andrews parkrun</option>",249,St Andrews parkrun,St Andrews
"<option value=""137"">St Helens parkrun</option>",137,St Helens parkrun,St Helens
"<option value=""2402"">St Mary’s parkrun</option>",2402,St Mary’s parkrun,St Mary’s
"<option value=""1211"">Stamford Park parkrun</option>",1211,Stamford Park parkrun,Stamford Park
"<option value=""285"">Stevenage parkrun</option>",285,Stevenage parkrun,Stevenage
"<option value=""394"">Stewart parkrun, Middlesbrough</option>",394,"Stewart parkrun, Middlesbrough",Stewart
"<option value=""200"">Stonehaven parkrun</option>",200,Stonehaven parkrun,Stonehaven
"<option value=""347"">Stonehouse parkrun</option>",347,Stonehouse parkrun,Stonehouse
"<option value=""2876"">Storeys Field parkrun</option>",2876,Storeys Field parkrun,Storeys Field
"<option value=""1301"">Stormont parkrun</option>",1301,Stormont parkrun,Stormont
"<option value=""2432"">Stratford Park parkrun, Stroud</option>",2432,"Stratford Park parkrun, Stroud","Stratford Park, Stroud"
"<option value=""1402"">Stratford-upon-Avon parkrun</option>",1402,Stratford-upon-Avon parkrun,Stratford-upon-Avon
"<option value=""159"">Strathclyde parkrun</option>",159,Strathclyde parkrun,Strathclyde
"<option value=""1948"">Street parkrun</option>",1948,Street parkrun,Street
"<option value=""1353"">Stretford parkrun</option>",1353,Stretford parkrun,Stretford
"<option value=""2259"">Sunny Hill parkrun</option>",2259,Sunny Hill parkrun,Sunny Hill
"<option value=""2886"">Sutcliffe parkrun</option>",2886,Sutcliffe parkrun,Sutcliffe
"<option value=""2560"">Sutton Manor parkrun</option>",2560,Sutton Manor parkrun,Sutton Manor
"<option value=""2064"">Sutton Park parkrun</option>",2064,Sutton Park parkrun,Sutton Park
"<option value=""1947"">Swaffham parkrun</option>",1947,Swaffham parkrun,Swaffham
"<option value=""2928"">Swanley parkrun</option>",2928,Swanley parkrun,Swanley
"<option value=""1309"">Swansea Bay parkrun</option>",1309,Swansea Bay parkrun,Swansea Bay
"<option value=""2969"">Talkin Tarn Country Park parkrun</option>",2969,Talkin Tarn Country Park parkrun,Talkin Tarn Country Park
"<option value=""1002"">Tamar Lakes parkrun</option>",1002,Tamar Lakes parkrun,Tamar Lakes
"<option value=""54"">Tamar Trails parkrun</option>",54,Tamar Trails parkrun,Tamar Trails
"<option value=""2414"">Tawd Valley parkrun</option>",2414,Tawd Valley parkrun,Tawd Valley
"<option value=""2129"">Teignmouth Promenade parkrun</option>",2129,Teignmouth Promenade parkrun,Teignmouth Promenade
"<option value=""460"">Telford parkrun</option>",460,Telford parkrun,Telford
"<option value=""467"">Temple Newsam parkrun</option>",467,Temple Newsam parkrun,Temple Newsam
"<option value=""2354"">Tetbury Goods Shed parkrun</option>",2354,Tetbury Goods Shed parkrun,Tetbury Goods Shed
"<option value=""1270"">Tewkesbury parkrun</option>",1270,Tewkesbury parkrun,Tewkesbury
"<option value=""2931"">The Cinder Track parkrun, Whitby</option>",2931,"The Cinder Track parkrun, Whitby",The Cinder Track
"<option value=""2927"">The Great Field parkrun</option>",2927,The Great Field parkrun,The Great Field
"<option value=""2487"">The Leas parkrun, Minster</option>",2487,"The Leas parkrun, Minster",The Leas
"<option value=""2409"">The Old Showfield parkrun</option>",2409,The Old Showfield parkrun,The Old Showfield
"<option value=""2213"">The Pastures parkrun</option>",2213,The Pastures parkrun,The Pastures
"<option value=""1869"">The Wammy parkrun</option>",1869,The Wammy parkrun,The Wammy
"<option value=""465"">Thetford parkrun</option>",465,Thetford parkrun,Thetford
"<option value=""2328"">Thomas Mills parkrun</option>",2328,Thomas Mills parkrun,Thomas Mills
"<option value=""307"">Thornbury parkrun</option>",307,Thornbury parkrun,Thornbury
"<option value=""1326"">Thurrock parkrun, Orsett Heath</option>",1326,"Thurrock parkrun, Orsett Heath",Thurrock
"<option value=""1892"">Thurso parkrun</option>",1892,Thurso parkrun,Thurso
"<option value=""3071"">Tidworth parkrun</option>",3071,Tidworth parkrun,Tidworth
"<option value=""377"">Tilgate parkrun</option>",377,Tilgate parkrun,Tilgate
"<option value=""540"">Tollcross parkrun, Glasgow</option>",540,"Tollcross parkrun, Glasgow",Tollcross
"<option value=""683"">Tonbridge parkrun</option>",683,Tonbridge parkrun,Tonbridge
"<option value=""1395"">Tooting Common parkrun</option>",1395,Tooting Common parkrun,Tooting Common
"<option value=""102"">Torbay Velopark parkrun</option>",102,Torbay Velopark parkrun,Torbay Velopark
"<option value=""2896"">Torvean parkrun</option>",2896,Torvean parkrun,Torvean
"<option value=""57"">Town Moor parkrun</option>",57,Town Moor parkrun,Newcastle
"<option value=""2668"">Trelai Park parkrun</option>",2668,Trelai Park parkrun,Trelai Park
"<option value=""83"">Trelissick parkrun</option>",83,Trelissick parkrun,Trelissick
"<option value=""2532"">Tremorfa parkrun</option>",2532,Tremorfa parkrun,Tremorfa
"<option value=""2995"">Trentham Gardens parkrun</option>",2995,Trentham Gardens parkrun,Trentham Gardens
"<option value=""329"">Troon parkrun</option>",329,Troon parkrun,Troon
"<option value=""2304"">Tyne Green parkrun</option>",2304,Tyne Green parkrun,Tyne Green
"<option value=""2323"">Uckfield parkrun</option>",2323,Uckfield parkrun,Uckfield
"<option value=""2993"">University Parks parkrun</option>",2993,University Parks parkrun,University Parks
"<option value=""2501"">University of Stirling parkrun</option>",2501,University of Stirling parkrun,University of Stirling
"<option value=""440"">Upton Court parkrun</option>",440,Upton Court parkrun,Upton Court
"<option value=""263"">Upton House parkrun</option>",263,Upton House parkrun,Upton House
"<option value=""2507"">Ury Riverside parkrun</option>",2507,Ury Riverside parkrun,Ury Riverside
"<option value=""183"">Valentines parkrun</option>",183,Valentines parkrun,Valentines
"<option value=""962"">Valley parkrun, Newtownabbey</option>",962,"Valley parkrun, Newtownabbey",Valley
"<option value=""1868"">Victoria Dock parkrun</option>",1868,Victoria Dock parkrun,Victoria Dock
"<option value=""641"">Victoria parkrun, Glasgow</option>",641,"Victoria parkrun, Glasgow",Victoria
"<option value=""334"">Vogrie parkrun</option>",334,Vogrie parkrun,Vogrie
"<option value=""30"">Wakefield Thornes parkrun</option>",30,Wakefield Thornes parkrun,Wakefield Thornes
"<option value=""375"">Wallace parkrun, Lisburn</option>",375,"Wallace parkrun, Lisburn",Wallace
"<option value=""2600"">Wallaceneuk parkrun</option>",2600,Wallaceneuk parkrun,Wallaceneuk
"<option value=""2109"">Walmer and Deal Seafront parkrun</option>",2109,Walmer and Deal Seafront parkrun,Walmer and Deal Seafront
"<option value=""251"">Walsall Arboretum parkrun</option>",251,Walsall Arboretum parkrun,Walsall Arboretum
"<option value=""461"">Walthamstow parkrun</option>",461,Walthamstow parkrun,Walthamstow
"<option value=""230"">Wanstead Flats parkrun</option>",230,Wanstead Flats parkrun,Wanstead Flats
"<option value=""199"">Warrington parkrun</option>",199,Warrington parkrun,Warrington
"<option value=""2465"">Warwick Racecourse parkrun</option>",2465,Warwick Racecourse parkrun,Warwick Racecourse
"<option value=""883"">Watergrove parkrun, Rochdale</option>",883,"Watergrove parkrun, Rochdale",Watergrove
"<option value=""2885"">Watermead Country Park parkrun</option>",2885,Watermead Country Park parkrun,Watermead Country Park
"<option value=""2106"">Watermeadows parkrun</option>",2106,Watermeadows parkrun,Watermeadows
"<option value=""165"">Waterworks parkrun, Belfast</option>",165,"Waterworks parkrun, Belfast",Waterworks
"<option value=""2092"">Wendover Woods parkrun</option>",2092,Wendover Woods parkrun,Wendover Woods
"<option value=""1455"">Wepre parkrun</option>",1455,Wepre parkrun,Wepre
"<option value=""2962"">West Links parkrun</option>",2962,West Links parkrun,West Links
"<option value=""204"">Westmill parkrun</option>",204,Westmill parkrun,Westmill
"<option value=""887"">Wetherby parkrun</option>",887,Wetherby parkrun,Wetherby
"<option value=""632"">Weymouth parkrun</option>",632,Weymouth parkrun,Weymouth
"<option value=""954"">Whinlatter Forest parkrun</option>",954,Whinlatter Forest parkrun,Whinlatter Forest
"<option value=""2025"">Whitehaven parkrun</option>",2025,Whitehaven parkrun,Whitehaven
"<option value=""100"">Whiteley parkrun</option>",100,Whiteley parkrun,Whiteley
"<option value=""156"">Whitley Bay parkrun</option>",156,Whitley Bay parkrun,Whitley Bay
"<option value=""203"">Whitstable parkrun</option>",203,Whitstable parkrun,Whitstable
"<option value=""2635"">Wickford Memorial parkrun</option>",2635,Wickford Memorial parkrun,Wickford Memorial
"<option value=""1111"">Widnes parkrun</option>",1111,Widnes parkrun,Widnes
"<option value=""1199"">Wilmslow parkrun</option>",1199,Wilmslow parkrun,Wilmslow
"<option value=""2"">Wimbledon Common parkrun</option>",2,Wimbledon Common parkrun,Wimbledon Common
"<option value=""445"">Wimpole Estate parkrun</option>",445,Wimpole Estate parkrun,Wimpole Estate
"<option value=""280"">Winchester parkrun</option>",280,Winchester parkrun,Winchester
"<option value=""317"">Windy Nook parkrun</option>",317,Windy Nook parkrun,Windy Nook
"<option value=""1852"">Witney parkrun</option>",1852,Witney parkrun,Witney
"<option value=""1306"">Witton parkrun</option>",1306,Witton parkrun,Witton
"<option value=""931"">Woking parkrun</option>",931,Woking parkrun,Woking
"<option value=""2589"">Wollaton Hall parkrun</option>",2589,Wollaton Hall parkrun,Wollaton Hall
"<option value=""222"">Wolverhampton parkrun</option>",222,Wolverhampton parkrun,Wolverhampton
"<option value=""21"">Woodbank parkrun</option>",21,Woodbank parkrun,Woodbank
"<option value=""2710"">Woodgate Valley Country Park parkrun</option>",2710,Woodgate Valley Country Park parkrun,Woodgate Valley Country Park
"<option value=""5"">Woodhouse Moor parkrun</option>",5,Woodhouse Moor parkrun,Woodhouse Moor
"<option value=""430"">Woodley parkrun</option>",430,Woodley parkrun,Woodley
"<option value=""2189"">Woolacombe Dunes parkrun</option>",2189,Woolacombe Dunes parkrun,Woolacombe Dunes
"<option value=""226"">Worcester Pitchcroft parkrun</option>",226,Worcester Pitchcroft parkrun,Worcester Pitchcroft
"<option value=""201"">Worcester parkrun</option>",201,Worcester parkrun,Worcester
"<option value=""575"">Workington parkrun</option>",575,Workington parkrun,Workington
"<option value=""302"">Wormwood Scrubs parkrun</option>",302,Wormwood Scrubs parkrun,Wormwood Scrubs
"<option value=""355"">Worsley Woods parkrun</option>",355,Worsley Woods parkrun,Worsley Woods
"<option value=""1438"">Worthing parkrun</option>",1438,Worthing parkrun,Worthing
"<option value=""421"">Wotton parkrun</option>",421,Wotton parkrun,Wotton
"<option value=""282"">Wycombe Rye parkrun</option>",282,Wycombe Rye parkrun,Wycombe Rye
"<option value=""1308"">Wyre Forest parkrun</option>",1308,Wyre Forest parkrun,Wyre Forest
"<option value=""310"">Wythenshawe parkrun</option>",310,Wythenshawe parkrun,Wythenshawe
"<option value=""96"">York parkrun</option></select>",96,York parkrun</option>,York
